t_in,t_out,dir,vol,p_in,p_out,pl,exit,dist
2021-01-04 01:01:00,2021-01-04 03:06:00,buy,0.01,1910.07,1915.28,5.13,-,5.21
2021-01-04 10:28:00,2021-01-04 15:20:00,buy,0.01,1935.03,1936.88,1.77,-,1.85
2021-01-08 16:07:00,2021-01-08 16:43:39,buy,0.01,1889.15,1871.97,-17.259999999999998,sl,17.18
2021-01-11 17:52:00,2021-01-12 05:34:00,buy,0.01,1850.02,1851.69,0.7999999999999998,-,1.67
2021-01-20 16:11:00,2021-01-20 16:22:00,buy,0.01,1853.7,1858.82,5.04,-,5.12
2021-01-20 16:42:00,2021-01-20 17:16:00,buy,0.01,1862.73,1863.36,0.5499999999999999,-,0.63
2021-01-25 13:07:00,2021-01-25 15:24:00,buy,0.01,1865.84,1867.23,1.3099999999999998,-,1.39
2021-01-28 15:49:00,2021-01-28 16:01:00,buy,0.01,1853.36,1858.13,4.69,-,4.77
2021-01-28 16:20:00,2021-01-28 16:33:00,buy,0.01,1856.77,1861.85,5.0,-,5.08
2021-01-28 16:51:00,2021-01-28 17:22:00,buy,0.01,1861.31,1862.8,1.41,-,1.49
2021-01-28 18:45:00,2021-01-28 20:08:36,buy,0.01,1852.92,1835.37,-17.63,sl,17.55
2021-02-05 10:24:00,2021-02-05 18:37:00,buy,0.01,1808.67,1810.4,1.65,-,1.73
2021-02-10 15:33:00,2021-02-10 15:46:00,buy,0.01,1850.15,1854.77,4.54,-,4.62
2021-02-12 17:52:00,2021-02-15 06:45:39,buy,0.01,1826.97,1821.94,-5.9,sl,5.01
2021-02-16 18:16:00,2021-02-17 01:06:23,buy,0.01,1808.5,1791.62,-17.75,sl,16.87
2021-02-19 16:03:00,2021-02-19 16:48:00,buy,0.01,1784.94,1787.96,2.94,-,3.02
2021-03-08 01:19:00,2021-03-08 04:03:00,buy,0.01,1712.46,1713.94,1.4,-,1.48
2021-03-08 17:16:00,2021-03-09 04:19:00,buy,0.01,1686.61,1687.67,0.1899999999999999,-,1.06
2021-03-10 15:35:00,2021-03-10 22:47:00,buy,0.01,1721.41,1726.02,4.53,-,4.61
2021-03-12 18:49:00,2021-03-12 20:55:00,buy,0.01,1719.61,1724.53,4.84,-,4.92
2021-03-15 17:50:00,2021-03-15 19:10:00,buy,0.01,1724.47,1729.12,4.57,-,4.65
2021-03-17 21:14:00,2021-03-17 21:43:00,buy,0.01,1741.86,1746.86,4.92,-,5.0
2021-03-17 21:46:00,2021-03-18 03:09:00,buy,0.01,1748.38,1749.88,-0.96,-,1.5
2021-03-25 16:39:00,2021-03-25 20:01:34,buy,0.01,1743.45,1726.38,-17.15,sl,17.06
2021-03-31 15:08:00,2021-03-31 15:42:00,buy,0.01,1683.62,1688.85,5.15,-,5.23
2021-03-31 17:53:00,2021-03-31 19:18:00,buy,0.01,1705.06,1709.92,4.78,-,4.86
2021-04-12 16:15:00,2021-04-13 06:57:59,buy,0.01,1738.15,1731.35,-7.67,sl,6.79
2021-04-13 15:43:00,2021-04-13 16:32:00,buy,0.01,1739.81,1744.46,4.57,-,4.65
2021-04-13 16:40:00,2021-04-14 16:11:29,buy,0.01,1747.56,1740.64,-7.79,sl,6.92
2021-04-15 17:10:00,2021-04-15 17:39:00,buy,0.01,1760.64,1765.46,4.74,-,4.82
2021-04-16 16:30:00,2021-04-16 17:26:00,buy,0.01,1774.64,1780.13,5.41,-,5.49
2021-04-19 19:31:00,2021-04-20 06:11:00,buy,0.01,1770.54,1773.1,1.69,-,2.56
2021-04-20 17:09:00,2021-04-21 04:40:00,buy,0.01,1777.42,1782.13,3.84,-,4.71
2021-04-21 16:56:00,2021-04-22 04:45:00,buy,0.01,1795.91,1797.54,-0.8300000000000001,-,1.63
2021-04-23 16:45:00,2021-04-26 09:04:27,buy,0.01,1785.24,1778.23,-7.88,sl,7.01
2021-05-03 18:47:00,2021-05-04 08:17:33,buy,0.01,1790.89,1785.98,-5.78,sl,4.91
2021-05-06 16:38:00,2021-05-06 16:50:00,buy,0.01,1804.73,1810.27,5.46,-,5.54
2021-05-06 17:09:00,2021-05-06 17:52:00,buy,0.01,1810.42,1815.12,4.62,-,4.7
2021-05-06 17:53:00,2021-05-07 06:04:00,buy,0.01,1814.49,1819.79,4.43,-,5.3
2021-05-07 15:31:00,2021-05-07 15:33:00,buy,0.01,1827.8,1833.44,5.56,-,5.64
2021-05-07 16:02:00,2021-05-07 17:11:00,buy,0.01,1838.56,1839.23,0.59,-,0.67
2021-05-11 15:47:00,2021-05-12 15:30:39,buy,0.01,1835.16,1824.35,-11.68,sl,10.76
2021-05-12 16:04:00,2021-05-12 17:32:29,buy,0.01,1842.12,1825.44,-16.759999999999998,sl,16.62
2021-05-19 16:01:00,2021-05-19 16:39:00,buy,0.01,1874.89,1878.3,3.33,-,3.41
2021-05-19 16:40:00,2021-05-19 16:47:00,buy,0.01,1882.07,1888.15,6.0,-,6.08
2021-05-19 17:11:00,2021-05-19 18:10:00,buy,0.01,1883.29,1885.01,1.64,-,1.72
2021-05-21 17:15:00,2021-05-21 22:02:00,buy,0.01,1875.37,1880.07,4.62,-,4.7
2021-05-25 17:04:00,2021-05-25 20:32:00,buy,0.01,1893.56,1898.24,4.6,-,4.68
2021-05-28 16:36:00,2021-05-28 22:51:00,buy,0.01,1899.56,1904.27,4.63,-,4.71
2021-06-04 15:45:00,2021-06-04 16:08:00,buy,0.01,1882.92,1887.66,4.66,-,4.74
2021-06-08 19:15:00,2021-06-09 06:10:00,buy,0.01,1891.08,1895.92,3.97,-,4.84
2021-06-10 16:14:00,2021-06-10 18:54:00,buy,0.01,1893.02,1893.99,0.8899999999999999,-,0.97
2021-06-14 17:14:00,2021-06-15 17:19:28,buy,0.01,1868.06,1859.09,-9.84,sl,8.94
2021-06-22 15:00:00,2021-06-23 05:58:00,buy,0.01,1780.69,1782.36,0.7999999999999998,-,1.67
2021-06-23 16:52:00,2021-06-23 22:27:04,buy,0.01,1793.71,1776.57,-17.22,sl,17.11
2021-06-25 18:04:00,2021-06-28 07:36:00,buy,0.01,1780.03,1781.53,0.6299999999999999,-,1.5
2021-07-07 16:23:00,2021-07-07 16:47:00,buy,0.01,1801.55,1806.44,4.81,-,4.89
2021-07-08 17:16:00,2021-07-09 04:38:00,buy,0.01,1805.77,1806.54,-0.1,-,0.77
2021-07-13 17:09:00,2021-07-14 05:53:00,buy,0.01,1810.62,1812.31,0.8199999999999998,-,1.69
2021-07-14 15:14:00,2021-07-15 09:08:00,buy,0.01,1825.88,1831.01,2.67,-,5.13
2021-08-04 17:30:00,2021-08-05 16:40:20,buy,0.01,1811.29,1807.1,-6.65,sl,4.13
2021-08-09 03:02:00,2021-08-09 03:07:00,buy,0.01,1717.35,1717.38,-0.05,-,0.03
2021-08-09 03:34:00,2021-08-09 03:56:00,buy,0.01,1725.26,1728.24,2.9,-,2.98
2021-08-09 14:45:00,2021-08-09 17:58:39,buy,0.01,1746.8,1729.82,-17.06,sl,16.96
2021-08-13 17:07:00,2021-08-13 18:38:00,buy,0.01,1772.66,1777.6,4.86,-,4.94
2021-08-17 15:00:00,2021-08-18 06:01:00,buy,0.01,1791.36,1791.71,-0.5200000000000001,-,0.35
2021-08-19 15:16:00,2021-08-19 16:07:00,buy,0.01,1785.23,1790.5,5.19,-,5.27
2021-08-23 16:10:00,2021-08-24 15:14:00,buy,0.01,1804.43,1806.07,0.7699999999999998,-,1.64
2021-08-27 17:45:00,2021-08-27 18:57:00,buy,0.01,1807.29,1812.04,4.67,-,4.75
2021-08-27 18:58:00,2021-08-27 20:36:00,buy,0.01,1813.01,1817.61,4.52,-,4.6
2021-09-03 15:32:00,2021-09-03 17:35:00,buy,0.01,1826.61,1829.22,2.53,-,2.61
2021-09-09 16:00:00,2021-09-09 16:12:00,buy,0.01,1791.82,1796.46,4.56,-,4.64
2021-09-14 16:12:00,2021-09-14 17:38:00,buy,0.01,1799.18,1803.5,4.24,-,4.32
2021-09-14 19:30:00,2021-09-15 11:37:26,buy,0.01,1803.78,1799.28,-5.37,sl,4.47
2021-09-27 18:00:00,2021-09-27 19:26:00,buy,0.01,1749.11,1753.96,4.77,-,4.85
2021-09-30 15:59:00,2021-09-30 16:35:00,buy,0.01,1737.43,1742.21,4.7,-,4.78
2021-09-30 17:11:00,2021-09-30 17:29:00,buy,0.01,1748.75,1753.6,4.77,-,4.85
2021-09-30 17:43:00,2021-09-30 17:57:00,buy,0.01,1753.62,1758.67,4.97,-,5.05
2021-09-30 18:14:00,2021-10-01 07:27:36,buy,0.01,1761.01,1751.42,-10.46,sl,9.57
2021-10-04 16:30:00,2021-10-04 17:05:00,buy,0.01,1750.73,1755.33,4.52,-,4.6
2021-10-04 17:40:00,2021-10-05 08:41:13,buy,0.01,1766.18,1757.51,-9.54,sl,8.67
2021-10-07 15:27:00,2021-10-07 17:03:00,buy,0.01,1759.66,1761.67,1.93,-,2.01
2021-10-08 15:37:00,2021-10-08 16:05:00,buy,0.01,1773.06,1778.23,5.09,-,5.17
2021-10-08 16:08:00,2021-10-08 17:21:39,buy,0.01,1778.38,1761.58,-16.88,sl,16.8
2021-10-12 16:56:00,2021-10-13 13:09:00,buy,0.01,1767.88,1769.46,0.71,-,1.58
2021-10-13 17:00:00,2021-10-13 17:21:00,buy,0.01,1781.68,1786.39,4.63,-,4.71
2021-10-13 17:31:00,2021-10-13 17:42:00,buy,0.01,1787.68,1792.65,4.89,-,4.97
2021-10-14 15:15:00,2021-10-15 09:29:35,buy,0.01,1795.66,1791.2,-5.33,sl,4.45
2021-10-15 18:45:00,2021-10-18 09:03:31,buy,0.01,1769.43,1766.33,-3.97,sl,3.09
2021-10-18 19:15:00,2021-10-19 04:48:00,buy,0.01,1766.37,1771.04,3.8,-,4.67
2021-10-22 15:43:00,2021-10-22 16:56:00,buy,0.01,1803.11,1808.47,5.28,-,5.36
2021-10-22 18:32:00,2021-10-25 07:04:00,buy,0.01,1797.47,1798.99,0.6499999999999999,-,1.52
2021-11-04 15:53:00,2021-11-04 17:01:00,buy,0.01,1791.87,1797.52,5.57,-,5.65
2021-11-05 16:30:00,2021-11-05 18:13:00,buy,0.01,1801.87,1803.61,1.66,-,1.74
2021-11-10 15:34:00,2021-11-10 15:38:00,buy,0.01,1837.41,1846.47,8.980000000000002,-,9.06
2021-11-10 16:05:00,2021-11-10 16:31:00,buy,0.01,1853.93,1859.7,5.69,-,5.77
2021-11-10 16:36:00,2021-11-10 16:40:00,buy,0.01,1861.51,1866.74,5.15,-,5.23
2021-11-10 18:00:00,2021-11-10 18:23:00,buy,0.01,1851.51,1856.88,5.29,-,5.37
2021-11-10 19:45:00,2021-11-11 05:25:00,buy,0.01,1851.76,1853.78,-0.4399999999999999,-,2.02
2021-11-30 17:13:00,2021-11-30 17:38:03,buy,0.01,1808.52,1791.58,-17.02,sl,16.93
2021-12-01 08:00:00,2021-12-02 10:14:17,buy,0.01,1790.72,1774.83,-18.35,sl,15.86
2021-12-02 15:30:00,2021-12-03 07:33:00,buy,0.01,1775.42,1774.78,-1.5100000000000002,-,0.64
2021-12-10 15:58:00,2021-12-10 18:23:00,buy,0.01,1784.07,1785.71,1.5599999999999998,-,1.64
2021-12-15 22:05:00,2021-12-15 22:18:00,buy,0.01,1772.18,1777.12,4.86,-,4.94
2021-12-15 22:36:00,2021-12-16 08:17:00,buy,0.01,1780.03,1784.87,2.38,-,4.84
2021-12-21 17:00:00,2021-12-22 15:57:00,buy,0.01,1792.26,1793.86,0.73,-,1.6
2022-01-05 17:30:00,2022-01-06 06:04:37,buy,0.01,1822.87,1806.15,-19.18,sl,16.72
2022-01-10 15:00:00,2022-01-10 15:23:00,buy,0.01,1791.92,1796.64,4.64,-,4.72
2022-01-19 17:07:00,2022-01-19 18:43:00,buy,0.01,1836.22,1840.93,4.63,-,4.71
2022-01-21 17:45:00,2022-01-24 06:58:00,buy,0.01,1833.24,1837.98,3.87,-,4.74
2022-01-25 16:48:00,2022-01-26 13:54:01,buy,0.01,1851.18,1843.12,-8.93,sl,8.05
2022-02-02 15:45:00,2022-02-02 17:01:00,buy,0.01,1802.27,1807.41,5.06,-,5.14
2022-02-10 17:42:00,2022-02-11 06:51:35,buy,0.01,1839.77,1822.63,-18.009999999999998,sl,17.14
2022-02-11 20:47:00,2022-02-11 22:23:00,buy,0.01,1858.6,1863.78,5.1,-,5.18
2022-02-17 10:43:00,2022-02-17 11:29:00,buy,0.01,1886.97,1892.85,5.8,-,5.88
2022-02-22 01:03:00,2022-02-22 09:29:00,buy,0.01,1911.8,1913.16,1.28,-,1.36
2022-02-22 17:50:00,2022-02-22 18:11:00,buy,0.01,1894.47,1899.09,4.54,-,4.62
2022-02-24 05:07:00,2022-02-24 05:22:00,buy,0.01,1923.92,1928.86,4.86,-,4.94
2022-02-24 05:38:00,2022-02-24 06:11:00,buy,0.01,1929.11,1934.67,5.48,-,5.56
2022-02-24 06:12:00,2022-02-24 06:13:00,buy,0.01,1938.67,1944.12,5.37,-,5.45
2022-02-24 12:11:00,2022-02-24 12:16:00,buy,0.01,1956.61,1961.38,4.69,-,4.77
2022-02-24 12:42:00,2022-02-24 14:22:27,buy,0.01,1972.09,1955.06,-17.11,sl,16.99
2022-02-28 01:31:00,2022-02-28 02:48:00,buy,0.01,1914.75,1916.89,2.06,-,2.14
2022-02-28 18:30:00,2022-02-28 22:00:00,buy,0.01,1900.67,1906.47,5.72,-,5.8
2022-03-04 02:38:00,2022-03-04 03:53:29,buy,0.01,1948.44,1930.99,-17.529999999999998,sl,17.45
2022-03-04 16:40:00,2022-03-04 18:07:00,buy,0.01,1958.84,1959.69,0.7699999999999999,-,0.85
2022-03-04 18:22:00,2022-03-04 20:46:00,buy,0.01,1961.73,1966.49,4.68,-,4.76
2022-03-07 01:05:00,2022-03-07 01:07:00,buy,0.01,1981.21,1987.08,5.79,-,5.87
2022-03-07 01:36:00,2022-03-07 03:05:00,buy,0.01,1988.34,1993.01,4.59,-,4.67
2022-03-07 16:08:00,2022-03-07 16:35:00,buy,0.01,1972.45,1977.24,4.71,-,4.79
2022-03-07 16:39:00,2022-03-07 16:44:00,buy,0.01,1976.47,1981.84,5.29,-,5.37
2022-03-07 17:10:00,2022-03-07 17:37:00,buy,0.01,1980.44,1986.31,5.79,-,5.87
2022-03-07 17:41:00,2022-03-07 20:28:00,buy,0.01,1986.85,1992.07,5.14,-,5.22
2022-03-08 08:34:00,2022-03-08 08:45:00,buy,0.01,2004.99,2009.75,4.68,-,4.76
2022-03-08 09:05:00,2022-03-08 09:41:00,buy,0.01,2014.98,2019.98,4.92,-,5.0
2022-03-08 09:42:00,2022-03-08 10:20:39,buy,0.01,2020.61,2003.2,-17.49,sl,17.41
2022-03-08 16:40:00,2022-03-08 16:50:00,buy,0.01,2027.59,2039.77,12.1,-,12.18
2022-03-08 17:11:00,2022-03-08 17:24:00,buy,0.01,2044.5,2049.79,5.21,-,5.29
2022-03-08 17:42:00,2022-03-08 17:45:00,buy,0.01,2059.08,2064.12,4.96,-,5.04
2022-03-08 19:15:00,2022-03-08 19:33:38,buy,0.01,2044.4,2027.16,-17.319999999999997,sl,17.23
2022-03-10 12:14:00,2022-03-10 13:01:00,buy,0.01,1998.93,2000.84,1.83,-,1.91
2022-03-10 13:10:00,2022-03-10 14:40:00,buy,0.01,2006.85,2008.35,1.42,-,1.5
2022-03-11 17:13:00,2022-03-11 18:00:00,buy,0.01,1979.71,1980.74,0.95,-,1.03
2022-03-16 22:19:00,2022-03-16 22:59:00,buy,0.01,1923.9,1928.65,4.67,-,4.75
2022-03-16 23:01:00,2022-03-17 04:30:00,buy,0.01,1929.02,1930.65,-0.8300000000000001,-,1.63
2022-03-21 17:02:00,2022-03-21 21:58:00,buy,0.01,1933.1,1938.73,5.55,-,5.63
2022-03-24 14:57:00,2022-03-24 17:19:00,buy,0.01,1956.22,1959.67,3.37,-,3.45
2022-03-28 15:21:00,2022-03-28 21:57:35,buy,0.01,1943.72,1926.78,-17.02,sl,16.93
2022-03-29 17:02:00,2022-03-29 19:36:00,buy,0.01,1912.27,1916.91,4.56,-,4.64
2022-03-30 19:45:00,2022-03-31 07:28:15,buy,0.01,1932.73,1922.7,-12.489999999999998,sl,9.99
2022-04-08 17:11:00,2022-04-11 07:06:03,buy,0.01,1947.69,1941.5,-7.0600000000000005,sl,6.18
2022-04-11 11:38:00,2022-04-11 15:02:00,buy,0.01,1956.22,1960.92,4.62,-,4.7
2022-04-11 17:15:00,2022-04-11 18:07:00,buy,0.01,1948.11,1953.08,4.89,-,4.97
2022-04-11 19:46:00,2022-04-11 22:11:00,buy,0.01,1947.07,1951.94,4.79,-,4.87
2022-04-12 15:34:00,2022-04-12 15:54:00,buy,0.01,1967.3,1968.86,1.48,-,1.56
2022-04-12 16:09:00,2022-04-12 17:51:00,buy,0.01,1972.36,1974.35,1.91,-,1.99
2022-04-12 18:09:00,2022-04-13 09:23:41,buy,0.01,1976.36,1967.69,-9.54,sl,8.67
2022-04-14 15:45:00,2022-04-14 16:07:00,buy,0.01,1971.08,1976.44,5.28,-,5.36
2022-04-18 02:59:00,2022-04-18 09:32:00,buy,0.01,1987.83,1989.41,1.5,-,1.58
2022-04-20 15:31:00,2022-04-20 16:47:00,buy,0.01,1946.13,1950.86,4.65,-,4.73
2022-05-04 21:53:00,2022-05-04 21:57:00,buy,0.01,1882.35,1887.37,4.94,-,5.02
2022-05-04 22:24:00,2022-05-05 02:19:00,buy,0.01,1884.38,1889.2,2.3600000000000003,-,4.82
2022-05-05 17:01:00,2022-05-05 18:51:31,buy,0.01,1893.49,1877.03,-16.54,sl,16.45
2022-05-06 17:19:00,2022-05-06 18:23:00,buy,0.01,1885.03,1891.5,6.39,-,6.47
2022-05-11 15:00:00,2022-05-11 16:42:00,buy,0.01,1850.3,1851.9,1.52,-,1.6
2022-05-11 17:00:00,2022-05-11 18:39:00,buy,0.01,1853.39,1854.78,1.3099999999999998,-,1.39
2022-05-19 12:00:00,2022-05-19 12:14:00,buy,0.01,1822.66,1828.28,5.54,-,5.62
2022-05-23 15:54:00,2022-05-24 09:16:27,buy,0.01,1856.15,1851.0,-6.0200000000000005,sl,5.12
2022-06-01 15:43:00,2022-06-01 16:03:00,buy,0.01,1840.75,1846.27,5.44,-,5.52
2022-06-01 16:21:00,2022-06-02 09:31:00,buy,0.01,1846.39,1851.98,3.13,-,5.59
2022-06-07 16:55:00,2022-06-08 16:16:00,buy,0.01,1852.64,1854.82,1.31,-,2.18
2022-06-10 17:52:00,2022-06-10 18:22:00,buy,0.01,1855.94,1860.68,4.66,-,4.74
2022-06-10 18:23:00,2022-06-10 18:56:00,buy,0.01,1860.85,1865.54,4.61,-,4.69
2022-06-10 18:57:00,2022-06-10 19:24:00,buy,0.01,1866.4,1872.0,5.52,-,5.6
2022-06-10 19:29:00,2022-06-13 01:02:00,buy,0.01,1875.0,1876.46,0.5899999999999999,-,1.46
2022-06-15 17:02:00,2022-06-15 21:39:00,buy,0.01,1823.39,1834.24,10.77,-,10.85
2022-06-15 21:44:00,2022-06-16 09:44:02,buy,0.01,1837.81,1828.84,-11.43,sl,8.94
2022-06-16 18:33:00,2022-06-16 19:45:00,buy,0.01,1845.23,1851.04,5.73,-,5.81
2022-06-22 14:11:00,2022-06-22 15:45:00,buy,0.01,1841.77,1843.19,1.34,-,1.42
2022-06-22 20:53:00,2022-06-23 13:00:35,buy,0.01,1840.58,1830.25,-12.79,sl,10.32
2022-06-23 18:45:00,2022-06-24 09:53:40,buy,0.01,1832.08,1821.59,-11.36,sl,10.49
2022-06-29 17:00:00,2022-06-30 05:30:00,buy,0.01,1816.87,1821.84,2.51,-,4.97
2022-06-30 16:02:00,2022-06-30 17:49:28,buy,0.01,1823.08,1805.97,-17.189999999999998,sl,17.08
2022-07-04 18:32:00,2022-07-05 04:46:00,buy,0.01,1806.82,1811.42,3.73,-,4.6
2022-07-07 18:19:00,2022-07-08 04:13:00,buy,0.01,1741.35,1746.15,3.93,-,4.8
2022-07-08 19:15:00,2022-07-11 10:29:30,buy,0.01,1742.47,1738.4,-4.94,sl,4.06
2022-07-11 19:30:00,2022-07-12 04:31:00,buy,0.01,1735.71,1736.99,0.41,-,1.28
2022-07-12 16:30:00,2022-07-13 09:17:27,buy,0.01,1729.51,1724.05,-6.33,sl,5.45
2022-07-13 18:08:00,2022-07-14 04:52:00,buy,0.01,1743.45,1726.29,-19.62,-,17.16
2022-07-19 16:00:00,2022-07-19 16:38:00,buy,0.01,1709.0,1713.85,4.77,-,4.85
2022-07-21 15:42:00,2022-07-21 15:56:00,buy,0.01,1699.51,1704.22,4.63,-,4.71
2022-07-21 16:13:00,2022-07-21 16:55:00,buy,0.01,1704.53,1707.15,2.54,-,2.62
2022-07-21 16:56:00,2022-07-21 17:56:00,buy,0.01,1708.6,1710.69,2.01,-,2.09
2022-07-22 17:12:00,2022-07-22 21:19:37,buy,0.01,1738.09,1721.07,-17.099999999999998,sl,17.01
2022-07-25 15:46:00,2022-07-26 04:24:00,buy,0.01,1724.52,1726.37,0.98,-,1.85
2022-07-27 21:51:00,2022-07-27 22:13:00,buy,0.01,1734.64,1739.38,4.66,-,4.74
2022-07-27 22:22:00,2022-07-28 09:33:00,buy,0.01,1736.76,1741.42,2.2,-,4.66
2022-07-28 15:45:00,2022-07-28 16:22:00,buy,0.01,1747.95,1749.17,1.14,-,1.22
2022-08-04 16:15:00,2022-08-04 16:59:00,buy,0.01,1777.65,1783.18,5.45,-,5.53
2022-08-08 16:00:00,2022-08-08 17:34:00,buy,0.01,1781.82,1786.6,4.7,-,4.78
2022-08-09 15:18:00,2022-08-09 15:47:00,buy,0.01,1788.51,1793.57,4.98,-,5.06
2022-08-10 15:31:00,2022-08-11 04:32:00,buy,0.01,1805.12,1788.02,-19.56,-,17.1
2022-08-11 18:15:00,2022-08-12 09:57:00,buy,0.01,1788.12,1792.8,3.81,-,4.68
2022-08-18 18:01:00,2022-08-19 07:13:26,buy,0.01,1761.95,1752.97,-9.85,sl,8.98
2022-08-23 16:47:00,2022-08-23 17:03:00,buy,0.01,1745.1,1750.18,5.0,-,5.08
2022-08-24 19:45:00,2022-08-25 03:46:00,buy,0.01,1748.88,1753.5,2.16,-,4.62
2022-08-25 15:15:00,2022-08-26 10:42:55,buy,0.01,1760.21,1752.92,-8.16,sl,7.29
2022-09-02 15:45:00,2022-09-02 16:10:00,buy,0.01,1704.31,1708.93,4.54,-,4.62
2022-09-06 03:54:00,2022-09-06 07:55:39,buy,0.01,1725.92,1715.73,-10.269999999999998,sl,10.19
2022-09-07 17:26:00,2022-09-07 17:31:00,buy,0.01,1706.31,1711.26,4.87,-,4.95
2022-09-08 15:59:00,2022-09-09 04:21:00,buy,0.01,1714.02,1715.29,0.3999999999999999,-,1.27
2022-09-09 15:47:00,2022-09-12 09:58:00,buy,0.01,1719.1,1720.67,0.7,-,1.57
2022-09-13 18:51:00,2022-09-13 20:07:00,buy,0.01,1702.37,1706.99,4.54,-,4.62
2022-09-16 17:15:00,2022-09-16 17:32:00,buy,0.01,1674.58,1679.53,4.87,-,4.95
2022-09-21 17:07:00,2022-09-21 21:07:04,buy,0.01,1671.41,1654.23,-17.259999999999998,sl,17.18
2022-09-21 21:45:00,2022-09-22 02:32:00,buy,0.01,1683.76,1666.75,-19.47,-,17.01
2022-09-22 11:19:00,2022-09-22 11:21:00,buy,0.01,1671.04,1677.9,6.78,-,6.86
2022-09-22 17:01:00,2022-09-22 17:21:00,buy,0.01,1671.42,1676.25,4.75,-,4.83
2022-09-22 18:15:00,2022-09-22 19:51:00,buy,0.01,1669.75,1676.12,6.29,-,6.37
2022-09-28 16:50:00,2022-09-28 18:26:00,buy,0.01,1650.78,1655.38,4.52,-,4.6
2022-09-30 19:15:00,2022-10-03 12:30:29,buy,0.01,1668.5,1660.46,-8.909999999999998,sl,8.04
2022-10-03 17:09:00,2022-10-03 17:24:00,buy,0.01,1679.3,1684.61,5.23,-,5.31
2022-10-03 17:40:00,2022-10-03 18:11:00,buy,0.01,1690.79,1693.93,3.06,-,3.14
2022-10-03 18:18:00,2022-10-03 21:45:00,buy,0.01,1693.64,1698.46,4.74,-,4.82
2022-10-04 15:33:00,2022-10-04 17:02:00,buy,0.01,1709.68,1714.5,4.74,-,4.82
2022-10-13 19:03:00,2022-10-14 05:08:00,buy,0.01,1667.5,1668.89,0.5199999999999998,-,1.39
2022-10-14 15:15:00,2022-10-14 15:54:00,buy,0.01,1654.62,1659.23,4.53,-,4.61
2022-10-14 17:00:00,2022-10-17 04:50:00,buy,0.01,1650.56,1652.35,0.92,-,1.79
2022-10-17 18:15:00,2022-10-18 18:21:27,buy,0.01,1660.96,1648.37,-13.46,sl,12.55
2022-10-19 19:00:00,2022-10-20 07:53:00,buy,0.01,1630.71,1632.41,-0.76,-,1.7
2022-10-20 17:15:00,2022-10-20 17:52:00,buy,0.01,1638.84,1643.67,4.75,-,4.83
2022-10-20 19:30:00,2022-10-21 06:43:27,buy,0.01,1637.42,1622.23,-16.06,sl,15.18
2022-10-21 15:00:00,2022-10-21 15:59:00,buy,0.01,1623.18,1632.45,9.19,-,9.27
2022-10-21 16:00:00,2022-10-21 16:37:00,buy,0.01,1631.31,1638.33,6.94,-,7.02
2022-10-21 16:46:00,2022-10-21 17:48:00,buy,0.01,1639.96,1641.39,1.35,-,1.43
2022-10-25 16:31:00,2022-10-25 16:49:00,buy,0.01,1654.58,1659.31,4.65,-,4.73
2022-10-25 17:03:00,2022-10-26 09:13:00,buy,0.01,1660.19,1660.88,-0.1800000000000001,-,0.69
2022-10-26 15:45:00,2022-10-26 17:13:00,buy,0.01,1663.66,1669.11,5.37,-,5.45
2022-11-01 17:08:00,2022-11-01 19:07:00,buy,0.01,1643.69,1649.38,5.61,-,5.69
2022-11-02 21:36:00,2022-11-02 21:50:27,buy,0.01,1669.28,1652.3,-17.06,sl,16.97
2022-11-04 16:04:00,2022-11-04 16:58:00,buy,0.01,1662.65,1667.33,4.6,-,4.68
2022-11-04 16:59:00,2022-11-04 17:28:00,buy,0.01,1667.59,1672.33,4.66,-,4.74
2022-11-08 17:09:00,2022-11-08 17:10:00,buy,0.01,1684.72,1693.86,9.060000000000002,-,9.14
2022-11-08 17:40:00,2022-11-08 17:49:00,buy,0.01,1707.32,1713.49,6.09,-,6.17
2022-11-08 18:11:00,2022-11-09 10:11:00,buy,0.01,1714.05,1715.25,0.3299999999999999,-,1.2
2022-11-09 17:10:00,2022-11-09 20:52:00,buy,0.01,1721.64,1704.58,-17.139999999999997,-,17.06
2022-11-10 15:31:00,2022-11-10 15:46:00,buy,0.01,1733.75,1736.12,2.29,-,2.37
2022-11-10 16:03:00,2022-11-10 16:17:00,buy,0.01,1734.59,1739.9,5.23,-,5.31
2022-11-10 16:34:00,2022-11-10 16:55:00,buy,0.01,1740.02,1744.81,4.71,-,4.79
2022-11-11 07:35:00,2022-11-11 10:53:00,buy,0.01,1762.94,1764.69,1.67,-,1.75
2022-11-15 09:49:00,2022-11-15 15:34:00,buy,0.01,1783.27,1786.09,2.74,-,2.82
2022-11-15 20:38:00,2022-11-16 11:41:00,buy,0.01,1781.92,1782.24,-0.55,-,0.32
2022-11-22 15:15:00,2022-11-23 15:30:00,buy,0.01,1745.66,1732.67,-13.86,sl,12.9
2022-11-23 16:46:00,2022-11-23 16:49:00,buy,0.01,1739.78,1744.41,4.55,-,4.63
2022-11-28 15:15:00,2022-11-29 06:48:00,buy,0.01,1753.08,1753.04,-0.91,-,0.04
2022-11-30 21:10:00,2022-11-30 21:21:00,buy,0.01,1757.94,1762.68,4.66,-,4.74
2022-11-30 21:41:00,2022-11-30 21:55:00,buy,0.01,1763.88,1768.51,4.55,-,4.63
2022-12-01 16:25:00,2022-12-01 16:56:00,buy,0.01,1798.4,1803.23,4.75,-,4.83
2022-12-06 17:16:00,2022-12-07 15:21:00,buy,0.01,1771.54,1776.73,4.32,-,5.19
2022-12-07 16:47:00,2022-12-08 15:21:00,buy,0.01,1787.19,1788.76,-0.8899999999999999,-,1.57
2022-12-12 16:00:00,2022-12-13 14:48:00,buy,0.01,1787.59,1788.76,0.2999999999999999,-,1.17
2022-12-13 15:31:00,2022-12-13 15:49:00,buy,0.01,1805.44,1810.5,4.98,-,5.06
2022-12-13 16:02:00,2022-12-13 16:14:00,buy,0.01,1812.68,1817.53,4.77,-,4.85
2022-12-13 16:33:00,2022-12-13 16:55:00,buy,0.01,1818.91,1823.53,4.54,-,4.62
2022-12-19 15:02:00,2022-12-20 05:08:00,buy,0.01,1792.96,1795.42,1.59,-,2.46
2022-12-20 17:12:00,2022-12-21 17:34:00,buy,0.01,1819.28,1820.86,0.71,-,1.58
2022-12-23 19:45:00,2022-12-27 01:06:00,buy,0.01,1799.36,1801.08,0.8499999999999999,-,1.72
2022-12-27 17:15:00,2022-12-27 17:25:00,buy,0.01,1815.09,1820.06,4.89,-,4.97
2022-12-27 17:46:00,2022-12-28 02:22:20,buy,0.01,1827.19,1810.33,-18.53,sl,16.85
2022-12-29 18:30:00,2022-12-29 19:18:00,buy,0.01,1812.31,1816.93,4.54,-,4.62
2023-01-04 15:01:00,2023-01-04 15:26:00,buy,0.01,1853.07,1858.09,4.94,-,5.02
2023-01-04 15:40:00,2023-01-05 09:57:29,buy,0.01,1862.31,1848.81,-15.96,sl,13.48
2023-01-06 15:44:00,2023-01-06 17:02:00,buy,0.01,1847.48,1849.78,2.22,-,2.3
2023-01-06 17:15:00,2023-01-06 18:07:00,buy,0.01,1858.93,1863.82,4.81,-,4.89
2023-01-06 18:08:00,2023-01-06 20:50:00,buy,0.01,1863.6,1868.45,4.77,-,4.85
2023-01-10 18:39:00,2023-01-11 07:12:00,buy,0.01,1874.4,1879.05,3.78,-,4.65
2023-01-12 15:36:00,2023-01-12 15:53:00,buy,0.01,1897.83,1899.3,1.39,-,1.47
2023-01-12 16:12:00,2023-01-13 02:24:00,buy,0.01,1895.05,1899.94,4.02,-,4.89
2023-01-13 16:40:00,2023-01-13 16:51:00,buy,0.01,1906.4,1911.0,4.52,-,4.6
2023-01-16 15:00:00,2023-01-17 08:53:38,buy,0.01,1914.93,1907.2,-8.6,sl,7.69
2023-01-17 19:45:00,2023-01-18 09:27:00,buy,0.01,1906.78,1907.98,0.3299999999999999,-,1.2
2023-01-18 18:30:00,2023-01-19 06:28:00,buy,0.01,1909.34,1910.93,-0.8699999999999999,-,1.59
2023-01-20 19:00:00,2023-01-20 20:59:00,buy,0.01,1924.92,1929.52,4.52,-,4.6
2023-01-24 18:06:00,2023-01-24 21:18:00,buy,0.01,1931.7,1936.43,4.65,-,4.73
2023-01-25 17:08:00,2023-01-25 21:57:00,buy,0.01,1937.61,1942.26,4.57,-,4.65
2023-01-31 15:56:00,2023-01-31 16:32:00,buy,0.01,1918.49,1923.22,4.65,-,4.73
2023-02-01 21:48:00,2023-02-01 22:04:00,buy,0.01,1940.63,1945.33,4.62,-,4.7
2023-02-01 22:19:00,2023-02-01 22:28:00,buy,0.01,1941.59,1946.97,5.3,-,5.38
2023-02-01 22:50:00,2023-02-02 03:09:00,buy,0.01,1951.39,1956.1,2.25,-,4.71
2023-02-13 15:33:00,2023-02-14 04:43:00,buy,0.01,1856.68,1858.38,0.8299999999999998,-,1.7
2023-02-17 17:37:00,2023-02-20 09:21:00,buy,0.01,1840.64,1845.4,3.89,-,4.76
2023-02-20 15:10:00,2023-02-21 09:25:28,buy,0.01,1843.06,1834.57,-9.36,sl,8.46
2023-02-21 19:00:00,2023-02-22 03:05:00,buy,0.01,1833.02,1837.78,3.89,-,4.76
2023-02-27 18:30:00,2023-02-27 19:39:00,buy,0.01,1813.64,1818.36,4.64,-,4.72
2023-02-28 17:04:00,2023-02-28 19:11:00,buy,0.01,1824.25,1828.95,4.62,-,4.7
2023-03-02 19:15:00,2023-03-03 02:01:00,buy,0.01,1834.04,1840.36,5.45,-,6.32
2023-03-08 16:51:00,2023-03-09 15:41:00,buy,0.01,1820.65,1822.74,-0.37,-,2.09
2023-03-10 16:33:00,2023-03-10 16:41:00,buy,0.01,1851.63,1858.01,6.3,-,6.38
2023-03-10 17:04:00,2023-03-10 17:35:00,buy,0.01,1861.44,1866.05,4.53,-,4.61
2023-03-10 17:36:00,2023-03-10 22:56:00,buy,0.01,1864.69,1869.4,4.63,-,4.71
2023-03-13 01:02:00,2023-03-13 01:09:00,buy,0.01,1883.63,1893.95,10.240000000000002,-,10.32
2023-03-13 11:53:00,2023-03-13 12:33:00,buy,0.01,1885.09,1890.08,4.91,-,4.99
2023-03-13 16:42:00,2023-03-13 17:45:00,buy,0.01,1908.8,1909.59,0.71,-,0.79
2023-03-16 17:00:00,2023-03-16 17:15:00,buy,0.01,1923.95,1928.59,4.56,-,4.64
2023-03-17 15:34:00,2023-03-17 16:11:00,buy,0.01,1944.77,1949.49,4.64,-,4.72
2023-03-17 16:12:00,2023-03-17 17:01:00,buy,0.01,1949.54,1954.18,4.56,-,4.64
2023-03-17 21:53:00,2023-03-20 04:00:30,buy,0.01,1987.3,1970.61,-17.560000000000002,sl,16.69
2023-03-20 08:57:00,2023-03-20 09:04:00,buy,0.01,1986.74,1991.89,5.07,-,5.15
2023-03-20 10:09:00,2023-03-20 10:26:00,buy,0.01,1998.18,2004.76,6.5,-,6.58
2023-03-20 10:40:00,2023-03-20 12:45:27,buy,0.01,2006.57,1989.33,-17.319999999999997,sl,17.23
2023-03-22 21:04:00,2023-03-22 21:42:00,buy,0.01,1964.8,1971.9,7.02,-,7.1
2023-03-22 21:43:00,2023-03-22 22:05:00,buy,0.01,1975.07,1957.36,-17.79,-,17.71
2023-03-22 22:55:00,2023-03-23 05:33:00,buy,0.01,1973.26,1974.95,-0.77,-,1.69
2023-03-23 17:00:00,2023-03-23 18:25:00,buy,0.01,1984.19,1986.03,1.76,-,1.84
2023-03-24 19:00:00,2023-03-27 01:07:31,buy,0.01,1987.37,1969.87,-18.37,sl,17.47
2023-03-30 16:30:00,2023-03-30 17:24:00,buy,0.01,1966.04,1971.04,4.92,-,5.0
2023-04-04 17:01:00,2023-04-04 17:05:00,buy,0.01,1998.43,2003.54,5.03,-,5.11
2023-04-04 17:32:00,2023-04-05 10:15:00,buy,0.01,2021.69,2026.47,3.91,-,4.78
2023-04-12 15:33:00,2023-04-12 15:37:00,buy,0.01,2022.56,2027.61,4.97,-,5.05
2023-04-12 16:04:00,2023-04-12 16:45:37,buy,0.01,2021.01,2003.67,-17.419999999999998,sl,17.33
2023-04-13 15:46:00,2023-04-13 15:55:00,buy,0.01,2038.45,2043.42,4.89,-,4.97
2023-04-13 16:17:00,2023-04-14 04:29:00,buy,0.01,2043.75,2045.15,0.5299999999999998,-,1.4
2023-04-18 17:45:00,2023-04-19 08:51:39,buy,0.01,2008.88,2000.17,-9.58,sl,8.7
2023-04-19 16:49:00,2023-04-20 04:34:00,buy,0.01,1992.52,1997.67,2.6900000000000004,-,5.15
2023-04-20 15:22:00,2023-04-20 15:31:00,buy,0.01,1997.73,2004.36,6.55,-,6.63
2023-04-25 16:19:00,2023-04-25 20:26:00,buy,0.01,1989.65,1995.41,5.68,-,5.76
2023-04-26 16:24:00,2023-04-26 19:18:16,buy,0.01,2005.4,1988.13,-17.349999999999998,sl,17.26
2023-05-01 15:36:00,2023-05-01 17:23:42,buy,0.01,2001.99,1984.98,-17.09,sl,17.01
2023-05-02 17:15:00,2023-05-02 17:31:00,buy,0.01,1999.33,2003.97,4.56,-,4.64
2023-05-02 17:46:00,2023-05-02 19:02:00,buy,0.01,2010.31,2015.39,5.0,-,5.08
2023-05-03 23:02:00,2023-05-03 23:55:00,buy,0.01,2033.52,2038.95,5.35,-,5.43
2023-05-03 23:56:00,2023-05-04 01:01:00,buy,0.01,2040.02,2061.87,19.39,-,21.85
2023-05-04 01:02:00,2023-05-04 01:05:33,buy,0.01,2071.59,2055.53,-16.139999999999997,sl,16.02
2023-05-04 01:34:00,2023-05-04 04:49:03,buy,0.01,2060.79,2043.89,-16.979999999999997,sl,16.89
2023-05-04 17:17:00,2023-05-04 17:25:00,buy,0.01,2047.55,2052.21,4.58,-,4.66
2023-05-09 16:00:00,2023-05-09 19:21:00,buy,0.01,2027.05,2031.68,4.55,-,4.63
2023-05-10 15:31:00,2023-05-10 15:33:00,buy,0.01,2038.37,2045.07,6.62,-,6.7
2023-05-10 16:02:00,2023-05-10 18:09:20,buy,0.01,2043.69,2027.12,-16.65,sl,16.57
2023-05-11 16:45:00,2023-05-12 05:36:29,buy,0.01,2025.37,2008.98,-17.259999999999998,sl,16.39
2023-05-12 18:15:00,2023-05-12 20:05:00,buy,0.01,2010.3,2015.13,4.75,-,4.83
2023-05-19 18:21:00,2023-05-19 18:34:00,buy,0.01,1976.2,1981.42,5.14,-,5.22
2023-05-19 19:31:00,2023-05-19 20:44:00,buy,0.01,1976.42,1981.11,4.61,-,4.69
2023-05-29 19:15:00,2023-05-30 06:50:21,buy,0.01,1944.78,1941.01,-4.64,sl,3.76
2023-05-31 19:30:00,2023-06-01 09:15:14,buy,0.01,1965.6,1961.64,-6.42,sl,3.96
2023-06-05 17:02:00,2023-06-05 20:56:00,buy,0.01,1956.25,1960.89,4.56,-,4.64
2023-06-07 15:15:00,2023-06-07 16:53:00,buy,0.01,1960.39,1967.16,6.69,-,6.77
2023-06-07 17:00:00,2023-06-07 18:37:26,buy,0.01,1969.6,1952.69,-16.99,sl,16.91
2023-06-08 15:42:00,2023-06-08 16:35:00,buy,0.01,1957.96,1963.14,5.1,-,5.18
2023-06-08 16:47:00,2023-06-09 15:32:00,buy,0.01,1967.91,1969.97,1.19,-,2.06
2023-06-13 15:15:00,2023-06-13 15:31:00,buy,0.01,1959.81,1967.47,7.58,-,7.66
2023-06-14 15:45:00,2023-06-14 21:06:29,buy,0.01,1958.19,1941.7,-16.569999999999997,sl,16.48
2023-06-15 16:30:00,2023-06-15 16:44:00,buy,0.01,1941.36,1946.42,4.98,-,5.06
2023-06-15 17:01:00,2023-06-15 17:28:00,buy,0.01,1952.94,1958.98,5.96,-,6.04
2023-06-15 17:32:00,2023-06-16 09:17:00,buy,0.01,1959.09,1960.66,0.7,-,1.57
2023-06-16 16:00:00,2023-06-16 17:02:00,buy,0.01,1962.63,1965.34,2.63,-,2.71
2023-06-19 19:15:00,2023-06-20 09:38:00,buy,0.01,1950.56,1952.14,0.71,-,1.58
2023-06-23 15:54:00,2023-06-23 16:26:00,buy,0.01,1929.35,1934.22,4.79,-,4.87
2023-06-23 16:27:00,2023-06-26 09:50:40,buy,0.01,1933.57,1922.27,-12.17,sl,11.29
2023-06-26 16:30:00,2023-06-27 04:50:00,buy,0.01,1928.08,1929.14,0.1899999999999999,-,1.06
2023-06-29 17:51:00,2023-06-30 09:08:38,buy,0.01,1912.52,1904.81,-8.579999999999998,sl,7.7
2023-07-03 19:44:00,2023-07-04 10:33:00,buy,0.01,1922.11,1926.83,3.85,-,4.72
2023-07-12 15:31:00,2023-07-12 15:39:00,buy,0.01,1944.48,1949.53,4.97,-,5.05
2023-07-12 16:32:00,2023-07-12 17:48:00,buy,0.01,1952.78,1957.87,5.01,-,5.09
2023-07-12 17:49:00,2023-07-13 08:03:16,buy,0.01,1957.63,1956.43,-3.66,sl,1.18
2023-07-18 17:11:00,2023-07-18 17:43:00,buy,0.01,1978.29,1983.37,5.0,-,5.08
2023-07-18 17:44:00,2023-07-19 14:18:28,buy,0.01,1983.38,1972.52,-11.73,sl,10.84
2023-07-26 16:30:00,2023-07-26 18:18:00,buy,0.01,1967.9,1973.14,5.16,-,5.24
2023-07-27 19:45:00,2023-07-27 20:11:00,buy,0.01,1942.82,1947.51,4.61,-,4.69
2023-08-04 15:49:00,2023-08-04 16:37:00,buy,0.01,1941.47,1946.1,4.55,-,4.63
2023-08-04 16:38:00,2023-08-07 01:26:00,buy,0.01,1945.02,1946.58,0.69,-,1.56
2023-08-15 19:30:00,2023-08-16 12:10:00,buy,0.01,1905.01,1906.89,1.0099999999999998,-,1.88
2023-08-17 17:15:00,2023-08-18 15:37:37,buy,0.01,1895.91,1889.0,-7.78,sl,6.91
2023-08-21 17:15:00,2023-08-21 20:05:00,buy,0.01,1888.68,1893.28,4.52,-,4.6
2023-08-22 15:45:00,2023-08-22 18:49:00,buy,0.01,1897.05,1898.61,1.48,-,1.56
2023-08-23 16:52:00,2023-08-24 08:51:00,buy,0.01,1917.43,1922.03,2.14,-,4.6
2023-08-24 19:31:00,2023-08-25 17:05:00,buy,0.01,1918.72,1920.4,0.8099999999999998,-,1.68
2023-08-29 17:15:00,2023-08-29 18:19:00,buy,0.01,1930.56,1935.17,4.53,-,4.61
2023-09-07 17:33:00,2023-09-08 05:30:00,buy,0.01,1917.9,1925.95,7.180000000000001,-,8.05
2023-09-19 17:30:00,2023-09-20 16:39:00,buy,0.01,1931.54,1936.28,3.87,-,4.74
2023-09-20 16:51:00,2023-09-20 20:10:00,buy,0.01,1942.61,1947.24,4.55,-,4.63
2023-09-21 19:09:00,2023-09-22 06:30:00,buy,0.01,1916.95,1922.56,4.74,-,5.61
2023-09-22 19:48:00,2023-09-25 17:19:29,buy,0.01,1926.25,1919.73,-7.39,sl,6.5
2023-10-06 17:27:00,2023-10-06 18:25:00,buy,0.01,1829.22,1831.48,2.18,-,2.26
2023-10-13 15:27:00,2023-10-13 15:32:00,buy,0.01,1905.06,1913.68,8.540000000000001,-,8.62
2023-10-13 15:58:00,2023-10-13 17:26:00,buy,0.01,1914.4,1915.91,1.43,-,1.51
2023-10-18 04:29:00,2023-10-18 05:08:00,buy,0.01,1936.86,1942.36,5.42,-,5.5
2023-10-18 16:46:00,2023-10-18 18:09:29,buy,0.01,1960.3,1943.12,-17.259999999999998,sl,17.17
2023-10-19 20:22:00,2023-10-19 21:03:00,buy,0.01,1969.47,1974.65,5.1,-,5.18
2023-10-20 17:00:00,2023-10-20 18:03:00,buy,0.01,1987.12,1991.72,4.52,-,4.6
2023-10-25 19:14:00,2023-10-26 04:22:00,buy,0.01,1983.34,1984.84,-0.96,-,1.5
2023-10-27 20:40:00,2023-10-27 21:09:00,buy,0.01,1995.32,2000.32,4.92,-,5.0
2023-10-27 21:11:00,2023-10-27 21:21:00,buy,0.01,2000.72,2005.68,4.88,-,4.96
2023-11-01 18:45:00,2023-11-02 01:01:00,buy,0.01,1978.68,1983.46,2.3200000000000003,-,4.78
2023-11-03 15:32:00,2023-11-03 16:44:00,buy,0.01,1999.24,1999.12,-0.2,-,0.12
2023-11-14 15:31:00,2023-11-14 16:25:00,buy,0.01,1956.17,1961.35,5.1,-,5.18
2023-11-14 16:38:00,2023-11-14 16:40:00,buy,0.01,1964.79,1970.86,5.99,-,6.07
2023-11-16 15:33:00,2023-11-16 16:43:00,buy,0.01,1971.05,1977.59,6.46,-,6.54
2023-11-16 16:48:00,2023-11-16 18:05:00,buy,0.01,1981.88,1986.86,4.9,-,4.98
2023-11-21 18:30:00,2023-11-22 09:58:00,buy,0.01,1998.87,2003.49,3.75,-,4.62
2023-11-27 03:28:00,2023-11-27 08:19:30,buy,0.01,2018.16,2009.04,-9.199999999999998,sl,9.11
2023-12-01 17:21:00,2023-12-01 18:12:00,buy,0.01,2048.45,2053.43,4.9,-,4.98
2023-12-01 18:14:00,2023-12-01 19:14:00,buy,0.01,2056.68,2061.48,4.72,-,4.8
2023-12-04 01:18:00,2023-12-04 01:19:00,buy,0.01,2085.17,2092.85,7.6,-,7.68
2023-12-04 01:49:00,2023-12-04 02:02:23,buy,0.01,2129.65,2113.38,-16.349999999999998,sl,16.01
2023-12-05 16:30:00,2023-12-05 17:01:00,buy,0.01,2023.6,2024.27,0.59,-,0.67
2023-12-13 17:15:00,2023-12-13 18:21:00,buy,0.01,1978.97,1983.68,4.63,-,4.71
2023-12-13 21:02:00,2023-12-13 21:06:00,buy,0.01,1993.21,1999.73,6.44,-,6.52
2023-12-13 21:33:00,2023-12-13 21:37:00,buy,0.01,2003.39,2010.27,6.8,-,6.88
2023-12-13 22:05:00,2023-12-13 22:21:00,buy,0.01,2014.85,2020.48,5.55,-,5.63
2023-12-13 22:36:00,2023-12-13 23:27:00,buy,0.01,2021.42,2026.18,4.68,-,4.76
2023-12-14 16:41:00,2023-12-14 20:18:01,buy,0.01,2047.33,2030.41,-17.0,sl,16.9
2023-12-19 16:49:00,2023-12-19 18:20:00,buy,0.01,2041.15,2046.06,4.83,-,4.91
2023-12-22 17:46:00,2023-12-26 03:55:00,buy,0.01,2061.54,2062.89,0.48,-,1.35
2023-12-27 17:40:00,2023-12-28 03:29:00,buy,0.01,2081.45,2083.19,-0.72,-,1.74
2024-01-05 16:01:00,2024-01-05 16:28:00,buy,0.01,2042.13,2046.85,4.64,-,4.72
2024-01-05 16:32:00,2024-01-05 17:01:00,buy,0.01,2047.9,2052.64,4.66,-,4.74
2024-01-05 17:11:00,2024-01-05 18:58:00,buy,0.01,2061.98,2044.95,-17.11,-,17.03
2024-01-08 19:31:00,2024-01-09 02:21:00,buy,0.01,2029.44,2034.21,3.9,-,4.77
2024-01-10 15:00:00,2024-01-11 07:34:00,buy,0.01,2031.63,2033.27,-0.8200000000000001,-,1.64
2024-01-12 19:14:00,2024-01-15 03:37:00,buy,0.01,2045.15,2049.87,3.85,-,4.72
2024-01-19 16:30:00,2024-01-22 07:16:13,buy,0.01,2031.95,2022.64,-10.18,sl,9.31
2024-01-22 15:50:00,2024-01-23 05:56:00,buy,0.01,2022.52,2027.66,4.27,-,5.14
2024-01-25 18:45:00,2024-01-25 22:57:00,buy,0.01,2014.46,2019.29,4.75,-,4.83
2024-01-30 16:26:00,2024-01-30 17:22:28,buy,0.01,2047.74,2030.99,-16.83,sl,16.75
2024-01-31 16:46:00,2024-01-31 22:04:02,buy,0.01,2052.15,2035.02,-17.209999999999997,sl,17.13
2024-02-01 16:27:00,2024-02-01 18:01:00,buy,0.01,2048.05,2053.24,5.11,-,5.19
2024-02-05 15:00:00,2024-02-06 02:48:00,buy,0.01,2022.75,2027.48,3.86,-,4.73
2024-02-07 19:30:00,2024-02-08 10:36:18,buy,0.01,2034.53,2029.47,-7.52,sl,5.04
2024-02-15 18:03:00,2024-02-15 19:56:00,buy,0.01,1999.72,2004.5,4.7,-,4.78
2024-02-27 16:00:00,2024-02-28 11:03:36,buy,0.01,2035.52,2026.62,-9.77,sl,8.9
2024-02-29 15:45:00,2024-02-29 16:01:00,buy,0.01,2043.99,2048.97,4.9,-,4.98
2024-02-29 16:16:00,2024-03-01 10:25:42,buy,0.01,2048.58,2042.05,-7.4,sl,6.53
2024-03-01 15:00:00,2024-03-01 17:11:00,buy,0.01,2052.54,2054.82,2.2,-,2.28
2024-03-01 17:51:00,2024-03-01 18:12:00,buy,0.01,2069.05,2073.69,4.56,-,4.64
2024-03-01 18:22:00,2024-03-01 18:56:00,buy,0.01,2076.44,2081.27,4.75,-,4.83
2024-03-01 18:57:00,2024-03-01 20:19:00,buy,0.01,2081.74,2086.8,4.98,-,5.06
2024-03-04 15:58:00,2024-03-04 16:18:00,buy,0.01,2090.58,2095.63,4.97,-,5.05
2024-03-04 16:43:00,2024-03-04 17:50:00,buy,0.01,2098.9,2103.62,4.64,-,4.72
2024-03-04 18:13:00,2024-03-04 18:35:00,buy,0.01,2113.03,2117.97,4.86,-,4.94
2024-03-05 15:33:00,2024-03-06 15:57:00,buy,0.01,2137.85,2138.74,0.0199999999999999,-,0.89
2024-03-08 15:17:00,2024-03-08 15:31:00,buy,0.01,2164.74,2172.23,7.41,-,7.49
2024-03-08 15:48:00,2024-03-08 19:04:00,buy,0.01,2179.57,2184.36,4.71,-,4.79
2024-03-08 19:06:00,2024-03-08 19:20:00,buy,0.01,2189.88,2195.02,5.06,-,5.14
2024-03-18 16:45:00,2024-03-18 17:44:00,buy,0.01,2155.9,2160.5,4.52,-,4.6
2024-03-20 17:03:00,2024-03-20 21:05:00,buy,0.01,2163.85,2170.43,6.5,-,6.58
2024-03-20 21:06:00,2024-03-20 21:46:00,buy,0.01,2172.38,2177.83,5.37,-,5.45
2024-03-20 21:47:00,2024-03-20 21:59:00,buy,0.01,2177.48,2183.55,5.99,-,6.07
2024-03-20 22:18:00,2024-03-20 22:29:00,buy,0.01,2181.42,2187.81,6.31,-,6.39
2024-03-20 22:49:01,2024-03-20 23:21:00,buy,0.01,2181.15,2185.87,4.64,-,4.72
2024-03-21 01:17:00,2024-03-21 01:45:34,buy,0.01,2212.31,2194.96,-17.43,sl,17.35
2024-03-22 19:15:00,2024-03-25 01:09:01,buy,0.01,2166.21,2167.5,0.42,-,1.29
2024-03-26 12:42:00,2024-03-26 13:56:00,buy,0.01,2194.34,2199.67,5.25,-,5.33
2024-03-26 15:47:00,2024-03-26 18:40:26,buy,0.01,2189.51,2172.12,-17.47,sl,17.31
2024-03-27 12:51:00,2024-03-27 14:22:00,buy,0.01,2190.88,2196.62,5.66,-,5.74
2024-03-27 15:05:00,2024-03-27 16:37:00,buy,0.01,2184.58,2190.02,5.36,-,5.44
2024-03-28 13:38:00,2024-03-28 15:17:00,buy,0.01,2210.61,2215.22,4.53,-,4.61
2024-04-01 01:30:00,2024-04-01 02:44:00,buy,0.01,2241.95,2245.43,3.4,-,3.48
2024-04-02 16:39:00,2024-04-02 17:04:00,buy,0.01,2263.7,2271.91,8.130000000000003,-,8.21
2024-04-02 17:24:00,2024-04-02 17:56:41,buy,0.01,2274.27,2257.83,-16.52,sl,16.42
2024-04-05 17:27:00,2024-04-05 17:33:00,buy,0.01,2310.13,2314.79,4.58,-,4.66
2024-04-05 17:58:00,2024-04-05 18:06:00,buy,0.01,2317.44,2322.4,4.88,-,4.96
2024-04-05 18:29:00,2024-04-05 18:41:00,buy,0.01,2326.37,2327.97,1.52,-,1.6
2024-04-08 05:37:00,2024-04-08 05:39:00,buy,0.01,2340.75,2349.07,8.240000000000002,-,8.32
2024-04-08 06:08:00,2024-04-08 06:24:26,buy,0.01,2345.91,2345.26,-0.7300000000000001,sl,0.64
2024-04-09 16:48:00,2024-04-09 17:13:00,buy,0.01,2359.22,2361.68,2.38,-,2.46
2024-04-09 18:30:00,2024-04-09 22:57:00,buy,0.01,2345.88,2350.68,4.72,-,4.8
2024-04-10 17:03:00,2024-04-10 17:08:00,buy,0.01,2334.53,2339.83,5.22,-,5.3
2024-04-10 17:34:00,2024-04-10 17:50:00,buy,0.01,2345.74,2351.21,5.39,-,5.47
2024-04-12 05:07:00,2024-04-12 06:38:36,buy,0.01,2393.93,2386.32,-7.69,sl,7.61
2024-04-12 17:12:00,2024-04-12 17:16:00,buy,0.01,2410.11,2417.19,7.0,-,7.08
2024-04-12 17:43:00,2024-04-12 17:54:00,buy,0.01,2415.87,2423.64,7.689999999999999,-,7.77
2024-04-12 18:14:00,2024-04-12 18:27:53,buy,0.01,2414.35,2397.41,-17.02,sl,16.93
2024-04-15 18:01:00,2024-04-15 18:30:00,buy,0.01,2346.71,2351.37,4.58,-,4.66
2024-04-15 18:32:00,2024-04-15 19:43:00,buy,0.01,2351.2,2356.73,5.45,-,5.53
2024-04-15 22:28:00,2024-04-16 01:16:00,buy,0.01,2387.17,2389.97,1.93,-,2.8
2024-04-16 18:03:00,2024-04-16 18:09:00,buy,0.01,2387.47,2392.69,5.14,-,5.22
2024-04-16 18:34:00,2024-04-16 18:55:00,buy,0.01,2381.65,2387.43,5.7,-,5.78
2024-04-17 16:45:00,2024-04-17 17:49:00,buy,0.01,2393.77,2395.41,1.5599999999999998,-,1.64
2024-04-17 19:15:00,2024-04-17 19:45:29,buy,0.01,2380.89,2364.16,-16.81,sl,16.73
2024-04-19 04:22:00,2024-04-19 04:32:00,buy,0.01,2394.53,2404.2,9.590000000000002,-,9.67
2024-04-19 04:53:00,2024-04-19 05:02:00,buy,0.01,2411.16,2414.76,3.52,-,3.6
2024-04-19 05:41:00,2024-04-19 05:43:00,buy,0.01,2396.0,2401.21,5.13,-,5.21
2024-04-23 16:46:00,2024-04-23 17:08:00,buy,0.01,2325.71,2331.12,5.33,-,5.41
2024-04-23 17:17:00,2024-04-23 19:39:00,buy,0.01,2323.7,2328.31,4.53,-,4.61
2024-04-24 18:02:00,2024-04-24 22:50:25,buy,0.01,2334.91,2318.11,-16.88,sl,16.79
2024-04-25 17:39:00,2024-04-25 19:20:27,buy,0.01,2342.99,2326.35,-16.72,sl,16.59
2024-04-26 16:47:00,2024-04-26 17:01:00,buy,0.01,2337.44,2342.52,5.0,-,5.08
2024-04-29 15:30:00,2024-04-29 16:32:00,buy,0.01,2333.94,2335.69,1.67,-,1.75
2024-05-01 21:40:00,2024-05-01 21:45:00,buy,0.01,2318.68,2324.23,5.47,-,5.55
2024-05-01 22:11:00,2024-05-02 02:53:00,buy,0.01,2320.03,2324.67,2.18,-,4.64
2024-05-02 18:03:00,2024-05-02 21:10:00,buy,0.01,2304.24,2309.16,4.84,-,4.92
2024-05-03 15:31:00,2024-05-03 15:44:42,buy,0.01,2319.44,2302.9,-16.619999999999997,sl,16.52
2024-05-09 15:38:00,2024-05-09 15:46:00,buy,0.01,2324.39,2329.13,4.66,-,4.74
2024-05-09 17:20:00,2024-05-09 18:10:00,buy,0.01,2334.96,2336.63,1.59,-,1.67
2024-05-14 12:10:00,2024-05-14 15:44:00,buy,0.01,2347.0,2346.77,-0.31,-,0.23
2024-05-15 15:45:00,2024-05-15 16:49:01,buy,0.01,2375.79,2358.86,-17.009999999999998,sl,16.92
2024-05-15 18:08:00,2024-05-15 18:21:00,buy,0.01,2378.21,2383.89,5.6,-,5.68
2024-05-15 18:39:00,2024-05-15 19:29:00,buy,0.01,2380.58,2385.69,5.03,-,5.11
2024-05-17 16:11:00,2024-05-17 17:26:00,buy,0.01,2399.41,2405.12,5.63,-,5.71
2024-05-17 17:55:00,2024-05-17 23:33:00,buy,0.01,2415.3,2421.04,5.66,-,5.74
2024-05-20 04:01:00,2024-05-20 04:04:00,buy,0.01,2431.98,2437.45,5.39,-,5.47
2024-05-27 19:00:00,2024-05-28 08:56:17,buy,0.01,2352.51,2349.91,-3.47,sl,2.6
2024-05-28 16:23:00,2024-05-29 09:05:21,buy,0.01,2362.76,2354.56,-9.07,sl,8.2
2024-05-31 15:52:00,2024-05-31 16:03:00,buy,0.01,2353.68,2358.55,4.79,-,4.87
2024-06-05 18:01:00,2024-06-05 18:45:00,buy,0.01,2352.39,2357.17,4.7,-,4.78
2024-06-05 18:46:00,2024-06-06 04:11:00,buy,0.01,2355.66,2360.45,2.33,-,4.79
2024-06-06 04:27:00,2024-06-06 04:32:00,buy,0.01,2366.8,2372.41,5.53,-,5.61
2024-06-06 18:29:00,2024-06-07 03:54:00,buy,0.01,2374.51,2379.22,3.84,-,4.71
2024-06-07 18:54:00,2024-06-07 19:24:00,buy,0.01,2306.02,2310.78,4.68,-,4.76
2024-06-11 15:41:00,2024-06-12 10:37:17,buy,0.01,2318.69,2311.67,-7.89,sl,6.97
2024-06-12 15:31:00,2024-06-12 15:38:00,buy,0.01,2323.29,2328.58,5.21,-,5.29
2024-06-12 16:02:00,2024-06-12 17:06:28,buy,0.01,2338.65,2321.86,-16.869999999999997,sl,16.77
2024-06-13 16:14:00,2024-06-13 16:39:00,buy,0.01,2318.41,2324.04,5.55,-,5.63
2024-06-13 16:45:00,2024-06-13 18:47:39,buy,0.01,2319.89,2302.33,-17.639999999999997,sl,17.52
2024-06-20 17:08:00,2024-06-20 17:23:00,buy,0.01,2353.58,2358.47,4.81,-,4.89
2024-06-20 17:39:00,2024-06-20 17:57:00,buy,0.01,2358.31,2362.94,4.55,-,4.63
2024-06-20 18:15:00,2024-06-21 03:10:00,buy,0.01,2357.83,2362.68,3.98,-,4.85
2024-06-25 16:00:00,2024-06-25 18:58:00,buy,0.01,2324.32,2324.05,-0.35,-,0.27
2024-07-01 16:00:00,2024-07-01 16:43:00,buy,0.01,2327.49,2332.5,4.93,-,5.01
2024-07-05 16:10:00,2024-07-05 16:42:00,buy,0.01,2376.27,2383.24,6.89,-,6.97
2024-07-05 16:43:00,2024-07-05 18:22:00,buy,0.01,2385.03,2386.14,1.03,-,1.11
2024-07-11 15:31:00,2024-07-11 15:37:00,buy,0.01,2396.15,2402.05,5.82,-,5.9
2024-07-11 16:02:00,2024-07-11 16:26:00,buy,0.01,2406.61,2412.27,5.58,-,5.66
2024-07-11 16:33:00,2024-07-11 16:58:00,buy,0.01,2405.4,2406.11,0.6299999999999999,-,0.71
2024-07-15 18:01:00,2024-07-15 19:42:00,buy,0.01,2432.58,2437.34,4.68,-,4.76
2024-07-16 18:08:00,2024-07-16 18:24:00,buy,0.01,2457.47,2462.26,4.71,-,4.79
2024-07-16 18:39:00,2024-07-16 23:00:00,buy,0.01,2463.58,2468.58,4.92,-,5.0
2024-07-17 11:11:00,2024-07-17 16:37:00,buy,0.01,2477.24,2479.1,1.78,-,1.86
2024-07-26 17:12:00,2024-07-29 01:12:00,buy,0.01,2388.83,2390.24,0.5399999999999998,-,1.41
2024-07-29 01:16:00,2024-07-29 08:40:36,buy,0.01,2400.61,2390.66,-10.029999999999998,sl,9.95
2024-07-30 15:15:00,2024-07-30 16:15:00,buy,0.01,2386.28,2390.88,4.52,-,4.6
2024-07-30 16:30:00,2024-07-30 20:00:00,buy,0.01,2394.59,2399.95,5.28,-,5.36
2024-07-30 20:01:00,2024-07-30 20:02:00,buy,0.01,2402.0,2409.78,7.7,-,7.78
2024-07-30 20:32:00,2024-07-31 06:12:00,buy,0.01,2407.91,2412.58,3.8,-,4.67
2024-07-31 22:26:00,2024-07-31 22:36:00,buy,0.01,2441.42,2446.55,5.05,-,5.13
2024-07-31 22:57:00,2024-08-01 04:21:00,buy,0.01,2448.86,2455.0,3.68,-,6.14
2024-08-01 08:22:00,2024-08-01 12:51:42,buy,0.01,2447.9,2430.92,-17.06,sl,16.91
2024-08-01 15:35:00,2024-08-01 16:35:00,buy,0.01,2454.01,2456.12,2.03,-,2.11
2024-08-02 15:30:00,2024-08-02 15:31:00,buy,0.01,2456.41,2473.68,17.19,-,17.27
2024-08-02 16:04:00,2024-08-02 16:31:00,buy,0.01,2465.82,2468.25,2.35,-,2.43
2024-08-02 16:45:00,2024-08-02 16:54:00,buy,0.01,2463.33,2467.95,4.54,-,4.62
2024-08-02 19:11:00,2024-08-02 23:41:00,buy,0.01,2436.62,2441.45,4.75,-,4.83
2024-08-07 18:45:00,2024-08-07 19:52:01,buy,0.01,2393.54,2398.5,4.88,-,4.96
2024-08-08 14:13:00,2024-08-08 15:22:00,buy,0.01,2409.74,2415.05,5.23,-,5.31
2024-08-12 16:47:00,2024-08-12 18:10:00,buy,0.01,2454.44,2456.27,1.75,-,1.83
2024-08-16 15:54:00,2024-08-16 16:00:00,buy,0.01,2485.27,2491.81,6.46,-,6.54
2024-08-16 16:25:00,2024-08-16 16:39:00,buy,0.01,2487.8,2492.54,4.66,-,4.74
2024-08-16 16:56:00,2024-08-16 17:23:38,buy,0.01,2496.46,2479.12,-17.419999999999998,sl,17.29
2024-08-20 10:58:00,2024-08-20 11:06:00,buy,0.01,2514.86,2520.48,5.54,-,5.62
2024-08-23 17:06:00,2024-08-23 17:11:00,buy,0.01,2512.33,2517.48,5.07,-,5.15
2024-08-27 17:20:00,2024-08-27 21:23:00,buy,0.01,2517.73,2522.33,4.52,-,4.6
2024-08-29 15:15:00,2024-08-29 16:54:00,buy,0.01,2516.82,2517.16,0.26,-,0.34
2024-09-10 17:15:00,2024-09-10 17:55:00,buy,0.01,2503.64,2508.24,4.52,-,4.6
2024-09-12 15:46:00,2024-09-12 16:08:00,buy,0.01,2533.12,2533.09,-0.11,-,0.03
2024-09-12 16:32:00,2024-09-12 16:43:00,buy,0.01,2540.17,2547.5,7.25,-,7.33
2024-09-12 17:03:00,2024-09-12 17:36:00,buy,0.01,2547.65,2549.14,1.41,-,1.49
2024-09-12 17:48:00,2024-09-12 22:50:00,buy,0.01,2554.09,2558.75,4.58,-,4.66
2024-09-18 21:07:00,2024-09-18 21:18:00,buy,0.01,2589.21,2593.89,4.6,-,4.68
2024-09-20 10:09:00,2024-09-20 13:39:00,buy,0.01,2608.13,2609.48,1.27,-,1.35
2024-09-20 16:30:00,2024-09-20 17:12:00,buy,0.01,2609.5,2610.31,0.73,-,0.81
2024-09-20 17:30:00,2024-09-20 18:08:00,buy,0.01,2613.59,2618.34,4.67,-,4.75
2024-09-26 14:40:00,2024-09-26 15:40:15,buy,0.01,2685.62,2668.64,-17.06,sl,16.96
2024-10-01 16:36:00,2024-10-01 16:53:00,buy,0.01,2665.49,2670.44,4.87,-,4.95
2024-10-01 17:07:00,2024-10-01 19:40:00,buy,0.01,2665.8,2671.4,5.52,-,5.6
2024-10-02 16:51:00,2024-10-02 18:07:15,buy,0.01,2660.69,2643.77,-17.0,sl,16.91
2024-10-07 11:10:00,2024-10-07 15:58:05,buy,0.01,2655.02,2637.94,-17.159999999999997,sl,17.08
2024-10-10 15:45:00,2024-10-10 15:51:00,buy,0.01,2621.32,2626.84,5.44,-,5.52
2024-10-10 16:16:00,2024-10-10 16:52:00,buy,0.01,2619.42,2625.15,5.65,-,5.73
2024-10-10 16:53:00,2024-10-10 22:18:00,buy,0.01,2625.58,2630.28,4.62,-,4.7
2024-10-15 15:31:00,2024-10-15 17:21:00,buy,0.01,2656.3,2659.46,3.08,-,3.16
2024-10-15 17:22:00,2024-10-15 17:50:00,buy,0.01,2658.64,2663.39,4.67,-,4.75
2024-10-17 15:15:00,2024-10-17 15:56:00,buy,0.01,2679.99,2680.87,0.7999999999999999,-,0.88
2024-10-17 16:48:00,2024-10-17 17:39:00,buy,0.01,2688.42,2693.83,5.33,-,5.41
2024-10-18 04:36:00,2024-10-18 05:26:00,buy,0.01,2704.36,2709.48,5.04,-,5.12
2024-10-18 12:15:00,2024-10-18 15:30:00,buy,0.01,2709.49,2714.5,4.93,-,5.01
2024-10-18 16:22:00,2024-10-18 16:40:00,buy,0.01,2705.06,2710.27,5.13,-,5.21
2024-10-29 17:06:00,2024-10-29 20:04:00,buy,0.01,2766.85,2772.03,5.1,-,5.18
2024-11-04 18:15:00,2024-11-05 07:39:00,buy,0.01,2735.62,2737.0,0.5099999999999998,-,1.38
2024-11-05 17:31:00,2024-11-05 17:47:00,buy,0.01,2734.66,2740.05,5.31,-,5.39
2024-11-06 10:08:00,2024-11-06 10:17:00,buy,0.01,2724.56,2729.44,4.8,-,4.88
2024-11-06 10:39:00,2024-11-06 13:23:54,buy,0.01,2730.39,2713.23,-17.24,sl,17.14
2024-11-07 15:23:00,2024-11-07 16:02:00,buy,0.01,2680.34,2686.37,5.95,-,6.03
2024-11-08 16:09:00,2024-11-08 17:09:38,buy,0.01,2703.74,2686.54,-17.279999999999998,sl,16.94
2024-11-12 15:27:00,2024-11-12 17:41:35,buy,0.01,2615.74,2598.09,-17.729999999999997,sl,17.64
2024-11-13 03:42:01,2024-11-13 04:54:00,buy,0.01,2610.29,2612.06,1.69,-,1.77
2024-11-14 19:45:00,2024-11-14 19:58:00,buy,0.01,2568.48,2573.36,4.8,-,4.88
2024-11-18 03:23:00,2024-11-18 03:30:00,buy,0.01,2588.71,2593.91,5.12,-,5.2
2024-11-20 15:27:00,2024-11-20 16:36:00,buy,0.01,2640.04,2643.63,3.51,-,3.59
2024-11-21 16:13:00,2024-11-22 03:01:00,buy,0.01,2669.51,2677.11,6.73,-,7.6
2024-11-22 15:31:00,2024-11-22 16:42:00,buy,0.01,2690.96,2692.84,1.7999999999999998,-,1.88
2024-11-22 17:45:00,2024-11-22 20:21:00,buy,0.01,2705.06,2710.32,5.18,-,5.26
2024-11-25 02:46:00,2024-11-25 03:33:22,buy,0.01,2712.21,2695.18,-17.11,sl,16.99
2024-11-25 13:21:00,2024-11-25 15:27:00,buy,0.01,2685.25,2686.94,1.61,-,1.69
2024-11-28 17:24:00,2024-11-29 03:22:00,buy,0.01,2638.71,2643.46,3.88,-,4.75
2024-11-29 04:13:00,2024-11-29 04:23:00,buy,0.01,2653.64,2661.05,7.33,-,7.41
2024-12-03 15:47:00,2024-12-03 16:01:00,buy,0.01,2649.09,2653.77,4.6,-,4.68
2024-12-03 16:18:00,2024-12-03 17:20:18,buy,0.01,2653.0,2635.62,-17.459999999999997,sl,17.11
2024-12-04 16:21:00,2024-12-04 16:26:00,buy,0.01,2645.59,2651.25,5.58,-,5.66
2024-12-04 16:52:00,2024-12-04 17:42:00,buy,0.01,2651.56,2656.48,4.84,-,4.92
2024-12-09 03:28:00,2024-12-09 11:14:00,buy,0.01,2650.2,2651.96,1.68,-,1.76
2024-12-09 16:58:00,2024-12-09 22:02:57,buy,0.01,2674.81,2657.82,-17.069999999999997,sl,16.87
2024-12-10 12:39:00,2024-12-10 14:09:00,buy,0.01,2672.81,2677.65,4.76,-,4.84
2024-12-11 17:12:00,2024-12-11 18:15:00,buy,0.01,2711.3,2716.0,4.62,-,4.7
2024-12-13 17:30:00,2024-12-13 17:40:00,buy,0.01,2655.09,2660.14,4.97,-,5.05
2024-12-13 19:45:00,2024-12-16 07:14:23,buy,0.01,2657.56,2650.03,-8.399999999999999,sl,7.51
2024-12-16 17:12:00,2024-12-17 03:54:00,buy,0.01,2653.16,2657.94,3.91,-,4.78
2024-12-20 17:22:00,2024-12-20 17:56:00,buy,0.01,2625.16,2630.94,5.7,-,5.78
2024-12-20 17:59:00,2024-12-23 09:08:00,buy,0.01,2631.1,2633.27,1.2999999999999998,-,2.17
2024-12-26 17:11:00,2024-12-26 17:52:00,buy,0.01,2633.95,2638.76,4.73,-,4.81
2024-12-26 19:15:00,2024-12-26 20:28:00,buy,0.01,2630.67,2635.3,4.55,-,4.63
